Name,Mean,MeanLB,MeanUB,Stddev,StddevLB,StddevUB
disPhiPie-R-G3C-Zip/10,2.3818635165696526e-5,2.3760930205985765e-5,2.391033754669205e-5,2.8358378000000604e-7,2.2728458146925088e-7,3.501080082621207e-7
disPhiPie-R-G3C-Zip/20,4.785751896663981e-5,4.772680410616445e-5,4.81602399989799e-5,6.970115763514001e-7,3.837174704046552e-7,1.1139608139713535e-6
disPhiPie-R-G3C-Zip/30,8.503967192595796e-5,8.464817986576411e-5,8.56043503715559e-5,1.8213227359981955e-6,1.4235451757488691e-6,2.307395567499058e-6
disPhiPie-R-G3C-Zip/40,1.321182426311862e-4,1.3155711070152263e-4,1.3292174402703636e-4,2.6420850832378865e-6,1.9461390536756163e-6,3.5502880124519216e-6
disPhiPie-R-G3C-Zip/50,1.8837098436881168e-4,1.878258434300954e-4,1.8938103823412203e-4,2.731221784427723e-6,1.7520922466301749e-6,4.558156569000999e-6
disPhiPie-R-G3C-Zip/60,2.550505837139897e-4,2.5440297970396214e-4,2.564280350460327e-4,3.5675879363035205e-6,1.543998284926029e-6,6.396671247238824e-6
disPhiPie-R-G3C-Zip/70,3.328444354775197e-4,3.3183757173394955e-4,3.345036797931241e-4,4.853326381723042e-6,3.1907523314677765e-6,7.521933282134066e-6
disPhiPie-R-G3C-Zip/80,4.19855399680733e-4,4.188185464418122e-4,4.225639343964182e-4,5.943885409109087e-6,3.2913409091023163e-6,1.0825446103549953e-5
disPhiPie-R-G3C-Zip/90,5.179277509791004e-4,5.164438487392014e-4,5.20877897589194e-4,7.321548608230574e-6,4.086875746652774e-6,1.2757456625410921e-5
disPhiPie-R-G3C-Zip/100,6.255050522561958e-4,6.238970335176699e-4,6.286191101020745e-4,8.530181557240274e-6,5.659889986586736e-6,1.2480581683175662e-5
disPhiPie-R-G3I-Zip/10,4.522338428726926e-4,4.509758344987988e-4,4.5467792272199523e-4,6.23310679299655e-6,3.181040547445011e-6,1.0718435506764935e-5
disPhiPie-R-G3I-Zip/20,2.8706593043364673e-3,2.8648789547659585e-3,2.8852124688317237e-3,3.105167999434912e-5,1.4098757024510349e-5,5.934220724274213e-5
disPhiPie-R-G3I-Zip/30,9.211105925900418e-3,9.189167313567373e-3,9.266069865527509e-3,1.009031583907313e-4,3.372230084296298e-5,1.6970283514727293e-4
disPhiPie-R-G3I-Zip/40,2.143970567271671e-2,2.1375853170478566e-2,2.1561771031003017e-2,2.3531260401226569e-4,1.3727500978664623e-4,3.7258514507127247e-4
disPhiPie-R-G3I-Zip/50,4.204087694308231e-2,4.1815837113352294e-2,4.25031166297655e-2,7.724036072584382e-4,4.721521773473395e-4,1.232452122830243e-3
disPhiPie-R-G3I-Zip/60,7.379540133233656e-2,7.323545744771556e-2,7.443607842251712e-2,1.2102401752429421e-3,9.535006282756689e-4,1.690501937979587e-3
disPhiPie-R-G3I-Zip/70,0.12005635467658687,0.1181720796109908,0.12223971703908276,3.743725695032236e-3,3.0473571841746483e-3,4.6702616877260395e-3
disPhiPie-R-G3I-Zip/80,0.1764144216524824,0.17503098800416844,0.17797656712207552,2.4898975048957632e-3,1.6806618295464129e-3,3.927587764025478e-3
disPhiPie-R-G3I-Zip/90,0.2512040440125475,0.24838281553356864,0.25599438304670913,5.6272775752531316e-3,3.818482213173919e-3,7.815237904955195e-3
disPhiPie-R-G3I-Zip/100,0.34582283214224346,0.342549386857302,0.3497278912849243,5.215878421004632e-3,3.831247317940086e-3,6.698759025664643e-3
disPhiPie-R-G3C-Tree/10,2.2330104123712004e-5,2.2278722023338062e-5,2.2421447226688213e-5,2.717360492714933e-7,1.6446873282756005e-7,4.297199801761992e-7
disPhiPie-R-G3C-Tree/20,4.951637002174805e-5,4.9396808922163485e-5,4.972338950036459e-5,5.920831273882776e-7,3.519281901353605e-7,8.62074486901976e-7
disPhiPie-R-G3C-Tree/30,8.684215772990975e-5,8.670201472986762e-5,8.706512170990984e-5,7.030616431421337e-7,4.3711078865223223e-7,9.948520313257659e-7
disPhiPie-R-G3C-Tree/40,1.351323942910951e-4,1.345385158814071e-4,1.36169449013575e-4,2.9575135511411125e-6,1.5413642669559755e-6,4.834351678966243e-6
disPhiPie-R-G3C-Tree/50,1.920716792313654e-4,1.9181387796366443e-4,1.9260544623829473e-4,1.423139464669143e-6,6.06377551201311e-7,2.3948715635102844e-6
disPhiPie-R-G3C-Tree/60,2.594280798640668e-4,2.5915774487054267e-4,2.602912011679231e-4,1.651651929366225e-6,6.394257727533901e-7,3.2995209203029667e-6
disPhiPie-R-G3C-Tree/70,3.394878713144581e-4,3.3840468475402865e-4,3.4111953776180885e-4,5.357416772076498e-6,3.985011357238096e-6,7.064871083750992e-6
disPhiPie-R-G3C-Tree/80,4.2599659982041105e-4,4.25479696036929e-4,4.270277908966644e-4,2.7002226615163707e-6,1.5877065927687688e-6,4.349063510082094e-6
disPhiPie-R-G3C-Tree/90,5.230299170383662e-4,5.22529496452949e-4,5.243378925036574e-4,2.7377995937199792e-6,1.3148947310734932e-6,5.559538739173092e-6
disPhiPie-R-G3C-Tree/100,6.329014331605327e-4,6.321332388189907e-4,6.347250326306237e-4,4.182336842179075e-6,1.5327211953634094e-6,7.993386334864652e-6
disPhiPie-R-G3I-Tree/10,4.5131362961911304e-4,4.5033399874225874e-4,4.5283679550769403e-4,4.951438672599529e-6,3.4228806300275033e-6,6.937438743184345e-6
disPhiPie-R-G3I-Tree/20,2.8794851004708727e-3,2.863880068880705e-3,2.938425901117095e-3,1.0454465862281291e-4,1.7867700307837907e-5,2.2186090863126408e-4
disPhiPie-R-G3I-Tree/30,9.193926774737907e-3,9.181005265946944e-3,9.21029102641748e-3,4.8206215646092155e-5,3.239559210228926e-5,7.094507656653518e-5
disPhiPie-R-G3I-Tree/40,2.137137773418426e-2,2.134748546435117e-2,2.142665038914146e-2,9.009613191519514e-5,4.67288924077902e-5,1.6404858030541545e-4
disPhiPie-R-G3I-Tree/50,4.178611196539793e-2,4.1641243971389054e-2,4.226949798438209e-2,5.830626042107712e-4,1.3939698633626501e-4,1.1569031538123384e-3
disPhiPie-R-G3I-Tree/60,7.230660254614547e-2,7.220946604928295e-2,7.255608295261315e-2,3.2740995493713617e-4,1.504875580453239e-4,5.823910865307827e-4
disPhiPie-R-G3I-Tree/70,0.11552540737471877,0.11527171223551703,0.11614776155657881,6.885255816832046e-4,2.802665126470793e-4,1.1864053987854374e-3
disPhiPie-R-G3I-Tree/80,0.17641871426557965,0.17455143255842684,0.17853350889343433,3.3927730050466315e-3,2.438503445046288e-3,4.840985871758662e-3
disPhiPie-R-G3I-Tree/90,0.24834779872601845,0.2478036855617726,0.24897030752429256,9.111068649965319e-4,6.105586200893648e-4,1.4405542099355842e-3
disPhiPie-R-G3I-Tree/100,0.34216385415264605,0.34161429166186796,0.34326578773782657,1.1168159349716276e-3,3.9104405504519746e-4,1.6329670574744114e-3
disPhiPie-R-G3C-Zip/10,2.3608252254855874e-5,2.3544643298498333e-5,2.3697504675299157e-5,2.919181620785386e-7,1.940067549651376e-7,3.774261444220314e-7
disPhiPie-R-G3C-Zip/20,5.644371294699251e-5,5.6359521706044915e-5,5.657792858961695e-5,4.15867777272952e-7,2.68694608036508e-7,6.170544721231718e-7
disPhiPie-R-G3C-Zip/30,1.0358924721200105e-4,1.0346145008356406e-4,1.0398209802215195e-4,7.517728679068005e-7,3.284234270648095e-7,1.4732043261907723e-6
disPhiPie-R-G3C-Zip/40,1.65163261576266e-4,1.6494634661796926e-4,1.6550997490536967e-4,1.0266540432075761e-6,6.472981746319876e-7,1.8708391123443595e-6
disPhiPie-R-G3C-Zip/50,2.410868443589498e-4,2.406579267358121e-4,2.4171155524533517e-4,2.001511462758218e-6,1.4031168378505587e-6,2.8464892973238684e-6
disPhiPie-R-G3C-Zip/60,3.372130801448174e-4,3.3447569243536906e-4,3.3984057439038004e-4,1.0320516869483528e-5,8.003657897342615e-6,1.2109368521746209e-5
disPhiPie-R-G3C-Zip/70,4.347241648703405e-4,4.341893006784016e-4,4.3584908184290244e-4,2.8820965161921773e-6,1.9290932046845197e-6,4.741762837922069e-6
disPhiPie-R-G3C-Zip/80,5.551280986730542e-4,5.53779576281011e-4,5.576429500427233e-4,6.814193948346829e-6,4.66042894509019e-6,1.0315072436880637e-5
disPhiPie-R-G3C-Zip/90,6.866636749154949e-4,6.847904497600462e-4,6.889180054742792e-4,8.03308466266388e-6,5.936586738024242e-6,9.83828794785761e-6
disPhiPie-R-G3C-Zip/100,8.49160328566019e-4,8.441108594058525e-4,8.55911421517172e-4,2.2673968752007322e-5,1.814933163044331e-5,2.88812253319572e-5
disPhiPie-R-G3I-Zip/10,9.234353706342578e-4,8.87856162076742e-4,1.0744350057283736e-3,2.3352106588634726e-4,4.17753855183057e-5,5.285470390745464e-4
disPhiPie-R-G3I-Zip/20,7.094649997968311e-3,7.044057159305823e-3,7.1523810482286496e-3,1.8612007264574913e-4,1.443158162669639e-4,2.3370478906185923e-4
disPhiPie-R-G3I-Zip/30,2.4759876962014517e-2,2.4596877030860973e-2,2.523325422396305e-2,6.310303288326483e-4,2.938008300913886e-4,1.1415439546877387e-3
disPhiPie-R-G3I-Zip/40,5.8948728901451246e-2,5.7850718591751914e-2,6.0280276355255825e-2,2.6934820813960887e-3,2.0614257100352805e-3,3.386968536991224e-3
disPhiPie-R-G3I-Zip/50,0.11055593870850647,0.10889675168823375,0.11294197173689133,3.8471389537444133e-3,2.760958476685265e-3,5.3509209976381885e-3
disPhiPie-R-G3I-Zip/60,0.1875940070773631,0.18522315457066052,0.19192017075466639,5.043643186681838e-3,3.2926351626356527e-3,7.297466216231178e-3
disPhiPie-R-G3I-Zip/70,0.306007805876224,0.303041016447974,0.31048923299767056,5.372603734571375e-3,3.3179719635145796e-3,7.33709341500799e-3
disPhiPie-R-G3I-Zip/80,0.4578757631983333,0.45327968962721776,0.4649038807707257,7.717162837852385e-3,4.8949276185339475e-3,1.0489187175954044e-2
disPhiPie-R-G3I-Zip/90,0.661117481954619,0.6552119763665056,0.6749150277367637,1.0937047630422983e-2,1.4093728085112795e-3,1.479356800448263e-2
disPhiPie-R-G3I-Zip/100,0.9260471154587625,0.9188584496647916,0.937117703128024,1.0688972130030198e-2,2.7838976663285275e-3,1.4390497608922137e-2
disPhiPie-R-G3C-Tree/10,2.444858633657808e-5,2.4407051955247124e-5,2.453898918107121e-5,2.1821931895714121e-7,1.3083639391208756e-7,3.832346697495627e-7
disPhiPie-R-G3C-Tree/20,5.872420267125376e-5,5.843310913859941e-5,5.911019486246234e-5,1.2561702840580632e-6,9.915082072964422e-7,1.5726106231160879e-6
disPhiPie-R-G3C-Tree/30,1.0677167034707044e-4,1.0644729281406112e-4,1.0733753896956477e-4,1.6005987047191133e-6,1.0304184560922615e-6,2.5315362776524348e-6
disPhiPie-R-G3C-Tree/40,1.6914786580668622e-4,1.6866616677949328e-4,1.7005209136776092e-4,2.4561313829951013e-6,1.4479661471630567e-6,3.7596262483512306e-6
disPhiPie-R-G3C-Tree/50,2.472777743218383e-4,2.4623646866477533e-4,2.489911996907946e-4,5.108711149648277e-6,3.621118223626685e-6,6.8214745803457414e-6
disPhiPie-R-G3C-Tree/60,3.380099513517489e-4,3.3688124300668246e-4,3.3995020504474637e-4,5.445109068379302e-6,4.029667394766509e-6,8.523063840597491e-6
disPhiPie-R-G3C-Tree/70,4.4322486781358346e-4,4.418053073592839e-4,4.457850758230647e-4,7.353208476021924e-6,5.0743049981418e-6,1.0299943777700799e-5
disPhiPie-R-G3C-Tree/80,5.843114456703318e-4,5.78764415231774e-4,5.929079697863813e-4,2.5250002789150615e-5,1.6518750927862406e-5,4.566491955512706e-5
disPhiPie-R-G3C-Tree/90,7.195610906942886e-4,7.129268163411391e-4,7.297225359331442e-4,3.1937986939614644e-5,2.284895257995484e-5,4.9048980732323364e-5
disPhiPie-R-G3C-Tree/100,8.567834922202971e-4,8.502686324111041e-4,8.686050877798618e-4,3.2156474410185956e-5,2.1928145487064478e-5,5.4187385077498996e-5
disPhiPie-R-G3I-Tree/10,8.48012906560069e-4,8.450372097315126e-4,8.517606855731786e-4,1.2945939181456171e-5,1.077301982731485e-5,1.5439992982682868e-5
disPhiPie-R-G3I-Tree/20,6.773175161221371e-3,6.757212950668023e-3,6.79948917616184e-3,6.754737267339831e-5,3.9479147366295916e-5,1.0616036144479826e-4
disPhiPie-R-G3I-Tree/30,2.3675332462069272e-2,2.3573012831632077e-2,2.3811370294536054e-2,3.3805926673064553e-4,2.241872718460103e-4,4.368275443390802e-4
disPhiPie-R-G3I-Tree/40,5.7907797596589226e-2,5.699914156465967e-2,5.884262806513432e-2,2.107935639445306e-3,1.6864699742892022e-3,2.566863999984102e-3
disPhiPie-R-G3I-Tree/50,0.10912946303925507,0.10812905460383528,0.11141382584832435,2.561738250876505e-3,1.1608300326514216e-3,4.157490604462462e-3
disPhiPie-R-G3I-Tree/60,0.18681596714419546,0.18443671548970186,0.190854092205469,4.837126354729321e-3,2.4838960179764096e-3,7.45049893480259e-3
disPhiPie-R-G3I-Tree/70,0.3032366873095116,0.30057662287905185,0.30778877538295074,5.080716442688152e-3,2.5114716936814295e-3,7.239221096146738e-3
disPhiPie-R-G3I-Tree/80,0.46061751218423724,0.4587282465618854,0.4651844166549078,3.6130291037638094e-3,1.2393027272446758e-3,5.250342915605376e-3
disPhiPie-R-G3I-Tree/90,0.6579997798602563,0.6518797576281941,0.6691784910246497,1.1965756528860111e-2,1.3057218754943273e-3,1.5791510829177857e-2
disPhiPie-R-G3I-Tree/100,0.923502929644504,0.917273601562556,0.9342333487493306,1.0241257030018021e-2,3.1403645036916575e-4,1.254743894256294e-2
disPie-L-G3C-Zip/10,1.8030340125115696e-5,1.798775644891194e-5,1.811675980648554e-5,2.2790145469937732e-7,1.4790506084126344e-7,3.328149234340583e-7
disPie-L-G3C-Zip/20,4.412380394569366e-5,4.404855118758399e-5,4.426418921119473e-5,3.8839992288949205e-7,2.3553881899553027e-7,6.631020434723896e-7
disPie-L-G3C-Zip/30,8.037937827046282e-5,8.02347530913373e-5,8.062197495204355e-5,6.655947103998669e-7,4.113970724715521e-7,1.1396383291647664e-6
disPie-L-G3C-Zip/40,1.2748473822257007e-4,1.269568061415433e-4,1.2832133261426123e-4,2.349843169639274e-6,1.7476198733847541e-6,3.3792258591758687e-6
disPie-L-G3C-Zip/50,1.8362835913428727e-4,1.8325059309258783e-4,1.8433747712566224e-4,2.0938283439104018e-6,1.4021778381385303e-6,3.3539629822421097e-6
disPie-L-G3C-Zip/60,2.512932487914807e-4,2.5008873880710196e-4,2.550658766304312e-4,7.360230845429908e-6,2.237387408244985e-6,1.58183238565814e-5
disPie-L-G3C-Zip/70,3.302824773041017e-4,3.2817108067470654e-4,3.365505824679111e-4,1.2602127325334999e-5,5.198171844917325e-6,2.4950061476426993e-5
disPie-L-G3C-Zip/80,4.146672299222644e-4,4.1381591222583604e-4,4.1622989336116115e-4,4.368962650235324e-6,2.8714286164876824e-6,6.490539472244037e-6
disPie-L-G3C-Zip/90,5.129461357860366e-4,5.117993643989306e-4,5.149368941144962e-4,5.749369253511548e-6,3.7519979211653436e-6,8.210241045889286e-6
disPie-L-G3C-Zip/100,6.186875823238559e-4,6.178422424699672e-4,6.200352970773108e-4,4.069944598577515e-6,2.8224139531522063e-6,6.563457570784426e-6
disPie-L-G3I-Zip/10,4.003327654628457e-4,3.9958921652141115e-4,4.014913131533827e-4,3.36168784392179e-6,2.3663576380794464e-6,5.149919141765632e-6
disPie-L-G3I-Zip/20,2.713388567356764e-3,2.7090558431648814e-3,2.72053988133463e-3,2.1122629577155337e-5,1.5371459987662857e-5,3.329303928893889e-5
disPie-L-G3I-Zip/30,8.878032259321014e-3,8.864456257787232e-3,8.898767769018327e-3,5.777094728901397e-5,3.913540118340728e-5,8.131159668696828e-5
disPie-L-G3I-Zip/40,2.0884057551099157e-2,2.0836312516285767e-2,2.097567146985439e-2,1.7610529962443322e-4,1.0170437135491522e-4,2.9259257372324274e-4
disPie-L-G3I-Zip/50,4.0882044468929776e-2,4.081185845325726e-2,4.1011797678145875e-2,2.060434983296758e-4,1.419678240547506e-4,3.247174913795688e-4
disPie-L-G3I-Zip/60,7.1066825598653e-2,7.096106174712523e-2,7.132631466630732e-2,3.3093309067257844e-4,1.2819505830531763e-4,5.959532572635341e-4
disPie-L-G3I-Zip/70,0.11419098841977454,0.1137815338121736,0.11513235131152123,1.1226284743242993e-3,4.22257091646158e-4,1.8969245238342554e-3
disPie-L-G3I-Zip/80,0.17155603105146824,0.1711427507442042,0.1720823358038563,8.173396497900461e-4,5.223463688972469e-4,1.2463869526937747e-3
disPie-L-G3I-Zip/90,0.24732755269125326,0.2454182235149303,0.250679492910465,3.810158056801274e-3,1.2623676934406499e-3,4.826843593181816e-3
disPie-L-G3I-Zip/100,0.3379928107548881,0.337281193281415,0.3391458600041414,1.2362178166058027e-3,7.330484426848346e-4,1.5927916709997905e-3
disPie-L-G3C-Tree/10,1.8959419959809274e-5,1.8914033404836743e-5,1.9041897658064904e-5,2.3276529209440196e-7,1.3931813835442924e-7,3.418662947969393e-7
disPie-L-G3C-Tree/20,4.658382837703817e-5,4.594716064591849e-5,4.8966431964578167e-5,3.7727759825871764e-6,6.30549069930324e-7,8.062716372856785e-6
disPie-L-G3C-Tree/30,8.286710739187838e-5,8.277788231516082e-5,8.30490924265933e-5,4.7482978827922864e-7,2.9571548225867605e-7,8.249356276929161e-7
disPie-L-G3C-Tree/40,1.3236590619583862e-4,1.3142113537618888e-4,1.3347070803856596e-4,4.167012916318541e-6,3.490119147919234e-6,5.447451622028674e-6
disPie-L-G3C-Tree/50,1.987237645349183e-4,1.9641747945528583e-4,2.0633443864320766e-4,1.4153529486712575e-5,5.94750260386491e-6,2.990707963245844e-5
disPie-L-G3C-Tree/60,2.737869916466114e-4,2.719157109909443e-4,2.7555839007128286e-4,7.014733465986567e-6,5.997631214147695e-6,8.769013032392367e-6
disPie-L-G3C-Tree/70,3.557024168175654e-4,3.547628455179489e-4,3.5692159151637473e-4,4.114962621621403e-6,3.572282605991495e-6,5.28874640664037e-6
disPie-L-G3C-Tree/80,4.5168537401773904e-4,4.504586721551855e-4,4.5285211695909205e-4,4.861680427798406e-6,4.436941561762956e-6,5.260868509781582e-6
disPie-L-G3C-Tree/90,5.58904413801676e-4,5.574840642784873e-4,5.600487615304429e-4,4.8807147893278906e-6,4.065890742077662e-6,5.635519446372617e-6
disPie-L-G3C-Tree/100,7.148834537513483e-4,6.737303687835077e-4,9.144695847448801e-4,2.978104837171556e-4,1.0207691544873536e-5,6.94645610483212e-4
disPie-L-G3I-Tree/10,3.9998646130068533e-4,3.994694049912026e-4,4.0176750256800954e-4,3.1838619063594264e-6,1.3459139616474777e-6,6.742221445048513e-6
disPie-L-G3I-Tree/20,2.714883727134065e-3,2.709405591235617e-3,2.7277970635849577e-3,2.9026160580102668e-5,1.8478508556614987e-5,5.547604561206261e-5
disPie-L-G3I-Tree/30,8.88531278943305e-3,8.86176556511252e-3,8.952172637548094e-3,1.1218983002301513e-4,4.115750972257978e-5,2.1806444949451883e-4
disPie-L-G3I-Tree/40,2.2305870141937214e-2,2.1958436160159255e-2,2.303992867543862e-2,1.3923660050079065e-3,7.133056109665626e-4,2.545711180514014e-3
disPie-L-G3I-Tree/50,4.353365441918011e-2,4.308013090209179e-2,4.3866050090707556e-2,9.313168152659118e-4,5.519559054356065e-4,1.4126469283272294e-3
disPie-L-G3I-Tree/60,7.097234911547143e-2,7.090010276906768e-2,7.106061625194607e-2,1.698829503967109e-4,1.2717940491014328e-4,2.1017324611756185e-4
disPie-L-G3I-Tree/70,0.11338233456834691,0.11324244622398967,0.11379838663049217,3.851912731411144e-4,1.6003563793601512e-4,6.443044577899487e-4
disPie-L-G3I-Tree/80,0.17533488454256532,0.17232023508006628,0.17933075837807136,5.729726898204341e-3,4.70120922273636e-3,7.2112366259193365e-3
disPie-L-G3I-Tree/90,0.2625741028181351,0.2608355540695421,0.26387499109405327,2.425466874692295e-3,1.3214603516439908e-3,3.1488359632765423e-3
disPie-L-G3I-Tree/100,0.3535340264189676,0.3448862641674162,0.36091796439047485,1.1750414547309854e-2,8.575632746189537e-3,1.4732715559202686e-2
disPie-R-G3C-Zip/10,2.04805255351304e-5,2.037943386496946e-5,2.061316833956804e-5,4.508559277413026e-7,3.682197602171164e-7,5.514261409884894e-7
disPie-R-G3C-Zip/20,5.3401822670562416e-5,5.281432689017681e-5,5.569531065777019e-5,4.0206574007918826e-6,3.6882927474126083e-7,8.630817720254924e-6
disPie-R-G3C-Zip/30,1.0047747393910963e-4,1.0013026168061391e-4,1.0105074771914401e-4,1.6845129873488142e-6,1.2564762822944296e-6,2.3040095712855937e-6
disPie-R-G3C-Zip/40,1.6082491825477048e-4,1.605843326710286e-4,1.6147742119747925e-4,1.3742765587232315e-6,6.931617983491233e-7,2.63647021731028e-6
disPie-R-G3C-Zip/50,2.3686421902075928e-4,2.36460458666518e-4,2.3766896801259962e-4,2.1640403898542618e-6,1.209227738669928e-6,3.5021023220602673e-6
disPie-R-G3C-Zip/60,3.259686998437975e-4,3.254773054304022e-4,3.2668977093859163e-4,2.2219104280452637e-6,1.5145517728190837e-6,2.9936430428235906e-6
disPie-R-G3C-Zip/70,4.3939469556394104e-4,4.3371388667934774e-4,4.5268261980675604e-4,3.223923140665582e-5,1.230902079256562e-5,5.8886652538326926e-5
disPie-R-G3C-Zip/80,5.501444135220016e-4,5.474248890114812e-4,5.545794099231689e-4,1.3553406078214375e-5,9.68290813105355e-6,2.061251612671311e-5
disPie-R-G3C-Zip/90,6.800541684842406e-4,6.78584908729386e-4,6.823615094163491e-4,7.384115836669314e-6,4.7325457433910146e-6,1.0532792200971845e-5
disPie-R-G3C-Zip/100,8.513646007247006e-4,8.271231022483407e-4,9.713648994034536e-4,1.7722946415054438e-4,7.865796926717942e-6,4.142711706907426e-4
disPie-R-G3I-Zip/10,7.627518018513416e-4,7.617911320133368e-4,7.651705558773011e-4,5.414642664329193e-6,2.7432636224396986e-6,9.098199461506124e-6
disPie-R-G3I-Zip/20,6.589004377045305e-3,6.5740108266486436e-3,6.611412792886525e-3,6.23666890235979e-5,4.445965248996164e-5,9.292976787842845e-5
disPie-R-G3I-Zip/30,2.3299200516692018e-2,2.3143868322418597e-2,2.3764024097745275e-2,6.361825190484277e-4,2.8216520450368007e-4,1.2834114865351194e-3
disPie-R-G3I-Zip/40,5.9781530743737085e-2,5.904542407470249e-2,6.0888102987447484e-2,2.012787206646957e-3,1.2141563717150228e-3,3.391408889689169e-3
disPie-R-G3I-Zip/50,0.1063147091201812,0.10526573816920586,0.1090277275841085,2.8363469116085426e-3,1.148896240945197e-3,4.8563696823322915e-3
disPie-R-G3I-Zip/60,0.1864660659277722,0.18482717673900037,0.1900834610296346,3.7274194741384018e-3,1.6967240682577473e-3,5.818301938835425e-3
disPie-R-G3I-Zip/70,0.30282927178913377,0.30001270437202704,0.3067859980361564,4.707119722187258e-3,1.3072222875015276e-3,5.72832282227484e-3
disPie-R-G3I-Zip/80,0.45699093116106976,0.450888642916147,0.4628223160507332,7.943997927057793e-3,5.733882603164727e-3,9.961129816134758e-3
disPie-R-G3I-Zip/90,0.6505491673350722,0.6459378340337814,0.6590354472738303,8.609975242243568e-3,1.7265064576148827e-3,1.1668413261275433e-2
disPie-R-G3I-Zip/100,0.9171725627080983,0.9156780729147915,0.9188194275836091,1.960198310534484e-3,7.619063350527422e-4,2.5716026825872815e-3
disPie-R-G3C-Tree/10,2.123869491957823e-5,2.1201278817857473e-5,2.1323985857517704e-5,2.032027847983958e-7,1.0469046725691675e-7,3.981662148090503e-7
disPie-R-G3C-Tree/20,5.467648149109764e-5,5.458206061095935e-5,5.485284773769953e-5,4.650212419078957e-7,2.8134669299295405e-7,8.048514367429772e-7
disPie-R-G3C-Tree/30,1.102235195903617e-4,1.0689679540200636e-4,1.1506334199469673e-4,1.63906002694807e-5,1.158363356487642e-5,2.1632159109318903e-5
disPie-R-G3C-Tree/40,1.6584529273609648e-4,1.6497486054378038e-4,1.6708246420157698e-4,4.001086588656174e-6,2.917484699431044e-6,5.683641597649955e-6
disPie-R-G3C-Tree/50,2.4413194552078357e-4,2.4266621713928897e-4,2.4604371660389676e-4,6.56311845520352e-6,4.471571888367555e-6,1.1196401258364938e-5
disPie-R-G3C-Tree/60,3.3121826437270286e-4,3.3048493452141666e-4,3.3259064790243636e-4,3.7536254563026817e-6,2.362732084860285e-6,5.549157437312958e-6
disPie-R-G3C-Tree/70,4.348433515358334e-4,4.342556693405305e-4,4.360369717585446e-4,3.1722245321412838e-6,1.4009183432440568e-6,5.265023485079225e-6
disPie-R-G3C-Tree/80,5.568040314074711e-4,5.536972407440091e-4,5.691143641291571e-4,2.0389180135285788e-5,5.026169441581333e-6,4.6146384969010596e-5
disPie-R-G3C-Tree/90,6.878781805459512e-4,6.865451555981008e-4,6.903664180258589e-4,6.535682010782865e-6,3.998389376259097e-6,1.0163333369502069e-5
disPie-R-G3C-Tree/100,8.376794942513875e-4,8.350658586337173e-4,8.455974207940937e-4,1.491730998976005e-5,7.340341342316803e-6,3.017868762843156e-5
disPie-R-G3I-Tree/10,7.63634747799147e-4,7.626090892667869e-4,7.655844755170202e-4,5.376509534289184e-6,3.2497802922507043e-6,8.018817680247954e-6
disPie-R-G3I-Tree/20,6.537298644441072e-3,6.510501878323783e-3,6.569893668950453e-3,9.99436756202318e-5,7.686315672305954e-5,1.2492058993690251e-4
disPie-R-G3I-Tree/30,2.2948199195368182e-2,2.284236350840728e-2,2.311436377385072e-2,3.484631362500087e-4,2.3761877719422395e-4,5.567057402206129e-4
disPie-R-G3I-Tree/40,5.9975073968445584e-2,5.954694725320365e-2,6.042216632740248e-2,9.675622486860137e-4,7.997576039669641e-4,1.273616780493742e-3
disPie-R-G3I-Tree/50,0.10925784403879682,0.10749043690043901,0.111654554612733,3.939281826538327e-3,2.4354659719593302e-3,6.083898897260349e-3
disPie-R-G3I-Tree/60,0.19214543925522784,0.1898393590579413,0.19628169679358337,4.821240247424955e-3,1.4163106622073016e-3,6.632093933671311e-3
disPie-R-G3I-Tree/70,0.3108121585399847,0.3079681188718663,0.3144908370990639,4.69727111301694e-3,2.7665550172354903e-3,6.727243849725302e-3
disPie-R-G3I-Tree/80,0.46605643750206377,0.4605392245202691,0.47457114361087505,8.817825047527131e-3,6.269813401685296e-3,1.1550814665600291e-2
disPie-R-G3I-Tree/90,0.6700644609782103,0.6643616483097503,0.6795953231667227,9.073999849610227e-3,4.666303362635925e-5,1.10286232171069e-2
disPie-R-G3I-Tree/100,0.9246438722878642,0.9224409270815765,0.9278983252415856,3.124577564640379e-3,8.293516348863669e-4,4.172594395235259e-3
conPie-L-G3C-Zip/10,5.695380721402897e-5,5.655366695289445e-5,5.770876614829584e-5,2.1064947840078454e-6,1.5347106524740164e-6,3.2434037306918175e-6
conPie-L-G3C-Zip/20,1.210617534354734e-4,1.2028705831513302e-4,1.2246168910588895e-4,3.861287561764042e-6,2.551785199214309e-6,5.809654188748059e-6
conPie-L-G3C-Zip/30,1.9463373706401924e-4,1.9387909530198008e-4,1.9557772251974336e-4,3.2579313541635195e-6,2.5920021312996368e-6,4.1451395245223815e-6
conPie-L-G3C-Zip/40,2.826447688221548e-4,2.81068191410854e-4,2.8493582539432217e-4,7.195069632553918e-6,5.2203052056770884e-6,1.033449897098601e-5
conPie-L-G3C-Zip/50,3.7562871749316436e-4,3.743886913640903e-4,3.7812447199546574e-4,6.693789488447783e-6,4.437625239880389e-6,1.0257201043105122e-5
conPie-L-G3C-Zip/60,4.805320360205342e-4,4.792006544135554e-4,4.8295954108459627e-4,6.531456119694146e-6,4.233723872878791e-6,9.914616862008195e-6
conPie-L-G3C-Zip/70,5.931959355367139e-4,5.91405879979565e-4,5.960700351804933e-4,8.889386308530155e-6,6.869283693809883e-6,1.3071100871145623e-5
conPie-L-G3C-Zip/80,7.311018258038428e-4,7.282037682179453e-4,7.355124530338088e-4,1.3810319306510365e-5,1.0082555492203735e-5,1.978877294323455e-5
conPie-L-G3C-Zip/90,8.641699273222698e-4,8.619982718702741e-4,8.692309060680331e-4,1.1871540347299564e-5,5.982054931676227e-6,2.169359829339118e-5
conPie-L-G3C-Zip/100,1.0457529323715325e-3,1.0372896513938187e-3,1.055721605898291e-3,3.613562040835917e-5,2.9474763102171706e-5,4.93993052980802e-5
conPie-L-G3I-Zip/10,3.557980161061227e-4,3.5318864230608743e-4,3.586975389127923e-4,1.0625593160108009e-5,8.273445844165003e-6,1.440048036791742e-5
conPie-L-G3I-Zip/20,2.5189606187030152e-3,2.505941390384958e-3,2.5355763324196225e-3,5.646123978607888e-5,4.812008981243815e-5,6.904516215236085e-5
conPie-L-G3I-Zip/30,8.316630205674948e-3,8.29393517867628e-3,8.351387059957957e-3,8.625718387427958e-5,5.774782194492527e-5,1.218854473371654e-4
conPie-L-G3I-Zip/40,1.9758250683228947e-2,1.9732604121002535e-2,1.9810201661980577e-2,9.884696342676948e-5,5.3335845327200914e-5,1.7824072384850636e-4
conPie-L-G3I-Zip/50,3.898555973986589e-2,3.894613869940517e-2,3.905927091013633e-2,1.2526175807444e-4,8.452963736265909e-5,2.0849293057414967e-4
conPie-L-G3I-Zip/60,6.868092083789912e-2,6.839691258666136e-2,6.924435277337695e-2,7.990755898088395e-4,4.455859257968624e-4,1.2011230200327575e-3
conPie-L-G3I-Zip/70,0.1111932904470289,0.11031159053943985,0.11229532783486851,1.8282777721060491e-3,1.4762591267638663e-3,2.224930896191727e-3
conPie-L-G3I-Zip/80,0.1655773669528935,0.16535695458009286,0.1659895289766306,4.720293621969437e-4,1.262047415816402e-4,6.296994574824704e-4
conPie-L-G3I-Zip/90,0.2384274022099232,0.23788768734377214,0.2394974425203015,1.1805093152861712e-3,5.118118339804784e-4,1.7690441284134246e-3
conPie-L-G3I-Zip/100,0.3307604661600759,0.32936425436431954,0.3324790822913325,2.262246817112247e-3,7.642435767904955e-4,2.798181693486073e-3
conPie-L-G3C-Tree/10,6.126840550042973e-5,6.110707513361532e-5,6.161592945750108e-5,8.545767778745991e-7,5.331815653650543e-7,1.5603905671241313e-6
conPie-L-G3C-Tree/20,1.342277710286084e-4,1.3376078335205712e-4,1.3499057272627524e-4,2.4077880583836603e-6,1.7739187488746423e-6,3.743102881954276e-6
conPie-L-G3C-Tree/30,2.1648872453540027e-4,2.1589722038997826e-4,2.1770762551187137e-4,3.2659735273230956e-6,1.9437702853471425e-6,5.1168054946413485e-6
conPie-L-G3C-Tree/40,3.130519801833981e-4,3.121135944270574e-4,3.1455219494586897e-4,4.583496251108811e-6,3.3852184978418714e-6,6.384673332093154e-6
conPie-L-G3C-Tree/50,4.384466108951032e-4,4.340545339850242e-4,4.48188415990995e-4,2.3320187945014214e-5,1.4287141086811896e-5,4.425266095053738e-5
conPie-L-G3C-Tree/60,5.485683468071085e-4,5.466225140251503e-4,5.518556171344542e-4,9.662081151317743e-6,6.187839810934737e-6,1.5958940208249474e-5
conPie-L-G3C-Tree/70,6.748837085647054e-4,6.731286431728046e-4,6.784780024029462e-4,9.541612234847079e-6,7.017628035596968e-6,1.4278009251292355e-5
conPie-L-G3C-Tree/80,8.298535994659075e-4,8.271108231228928e-4,8.337036391234857e-4,1.2108879023684037e-5,9.2046156627094e-6,1.9357915549995827e-5
conPie-L-G3C-Tree/90,1.0268023846779467e-3,1.0184825975721094e-3,1.0378771464382988e-3,3.6829817074951625e-5,2.7891306125997538e-5,5.398153842013876e-5
conPie-L-G3C-Tree/100,1.1982422135658145e-3,1.1916510414941052e-3,1.2069509434875752e-3,3.02074583730081e-5,2.4581613969735134e-5,4.394471459474431e-5
conPie-L-G3I-Tree/10,8.92178821458008e-4,8.78580001564916e-4,9.436751331172704e-4,9.096268351203312e-5,1.8301928598966953e-5,1.9150542738826393e-4
conPie-L-G3I-Tree/20,5.613121596225775e-3,5.584735227313359e-3,5.657088791884262e-3,1.22777761483962e-4,7.526602756767212e-5,2.1102887648903978e-4
conPie-L-G3I-Tree/30,1.7330784102261028e-2,1.727465943870156e-2,1.7419361725062386e-2,2.0873904961113459e-4,1.2589382996992823e-4,3.282880090352973e-4
conPie-L-G3I-Tree/40,4.05821111360675e-2,4.053526180175122e-2,4.067049243606881e-2,1.494601580022645e-4,9.393965844234558e-5,2.482905125686616e-4
conPie-L-G3I-Tree/50,7.984619324966978e-2,7.965057430941401e-2,8.024600929321297e-2,5.414068884962585e-4,1.6462342880366188e-4,8.081805008105121e-4
conPie-L-G3I-Tree/60,0.14012036424724464,0.1394411377844413,0.14153615063971037,1.7415715237264e-3,8.106876892254917e-4,2.770533150177999e-3
conPie-L-G3I-Tree/70,0.22238339997014744,0.22208641598805723,0.22296881401601976,6.040621553926605e-4,3.1294993641264694e-4,1.0878422490719262e-3
conPie-L-G3I-Tree/80,0.335693516197491,0.3341805494780558,0.33984305116471314,3.5745360329788064e-3,5.044951391581123e-4,5.261148715924838e-3
conPie-L-G3I-Tree/90,0.5050238940653798,0.4967427950003184,0.510954699931608,8.756805670766926e-3,5.312133139582405e-3,1.186679717625096e-2
conPie-L-G3I-Tree/100,0.6835544400634413,0.6743170467525488,0.6923970546877172,9.897991845048434e-3,5.710433797305821e-3,1.3917996597760059e-2
conPie-R-G3C-Zip/10,5.558162770188302e-5,5.529056995099197e-5,5.600024769498681e-5,1.3513360874992277e-6,9.318110068733364e-7,1.9297686248329835e-6
conPie-R-G3C-Zip/20,1.2460436753572665e-4,1.2434976444894796e-4,1.2496039266349807e-4,1.1618614053398456e-6,8.792901545873538e-7,1.5537041484744302e-6
conPie-R-G3C-Zip/30,2.1559881824437897e-4,2.1303778011116386e-4,2.1995535761971504e-4,1.2705641096528477e-5,7.993432350185118e-6,1.856886519526465e-5
conPie-R-G3C-Zip/40,3.132706913093619e-4,3.1225306682252854e-4,3.1516897135784675e-4,5.3377203729187465e-6,3.4620516199462893e-6,7.838173305007948e-6
conPie-R-G3C-Zip/50,4.3308110086101505e-4,4.3166440547940646e-4,4.345389252252455e-4,5.955462381451269e-6,4.76192671221862e-6,7.4645694441417545e-6
conPie-R-G3C-Zip/60,5.723696542215747e-4,5.688819229067936e-4,5.774533691081279e-4,1.5995652328184896e-5,1.4070299150761245e-5,1.9959585686159995e-5
conPie-R-G3C-Zip/70,6.962687737930571e-4,6.921631909794319e-4,7.002399878968138e-4,1.4756474974063653e-5,1.285004740666885e-5,1.790728503745396e-5
conPie-R-G3C-Zip/80,8.978645680591565e-4,8.908416196568302e-4,9.182322194211316e-4,4.340069405390038e-5,1.8537270174624574e-5,8.576512592282496e-5
conPie-R-G3C-Zip/90,1.062770950160863e-3,1.0568102911618718e-3,1.0741458427083145e-3,2.902953328773723e-5,1.735638149827916e-5,4.6877397147090325e-5
conPie-R-G3C-Zip/100,1.3207394474211924e-3,1.3122602320752832e-3,1.330029086782199e-3,3.6379267051350324e-5,3.192173694550216e-5,4.343497016503401e-5
conPie-R-G3I-Zip/10,8.594788381543589e-6,8.508050561423945e-6,8.700408494531871e-6,3.5697342451451855e-7,3.171622850098227e-7,4.071565816550384e-7
conPie-R-G3I-Zip/20,1.069045832047415e-5,1.0661904547931314e-5,1.0733222874545673e-5,1.3472395046295053e-7,9.651524927101831e-8,1.8608157106273782e-7
conPie-R-G3I-Zip/30,1.3062468142777867e-5,1.3020639219418046e-5,1.3128869748738329e-5,1.9429094870217215e-7,1.2782729039141212e-7,3.0754302674897293e-7
conPie-R-G3I-Zip/40,1.5439597956460933e-5,1.540815565435949e-5,1.55161633413418e-5,1.7615083044314553e-7,8.447135071518528e-8,3.3630552939235154e-7
conPie-R-G3I-Zip/50,1.7784556354454058e-5,1.776590056424898e-5,1.7816712639655488e-5,8.992356245752032e-8,5.776637239373681e-8,1.3819719077093056e-7
conPie-R-G3I-Zip/60,2.0263433552468333e-5,2.0227071688249705e-5,2.0320609912952437e-5,1.867588188376615e-7,1.281213407878898e-7,2.7517795220561925e-7
conPie-R-G3I-Zip/70,2.2650024745054677e-5,2.256884558465242e-5,2.2769461344823748e-5,3.9252169046245306e-7,2.7348951089638936e-7,5.697963336631391e-7
conPie-R-G3I-Zip/80,2.522729744486403e-5,2.5081250998457217e-5,2.5434308319201107e-5,6.584825819003419e-7,4.2219552553021883e-7,9.58464382130946e-7
conPie-R-G3I-Zip/90,2.757868543802982e-5,2.74515124358375e-5,2.775860700463334e-5,5.664661536563467e-7,4.3673922004699795e-7,7.437520369667096e-7
conPie-R-G3I-Zip/100,2.9864503015296476e-5,2.9777894975177948e-5,2.999259922482036e-5,3.9261852418341956e-7,2.959987872196023e-7,5.188832523864904e-7
conPie-R-G3C-Tree/10,6.104872665807952e-5,6.0858564124456965e-5,6.143210306548757e-5,9.764972903754556e-7,7.128850760594196e-7,1.462420604686943e-6
conPie-R-G3C-Tree/20,1.378389697723551e-4,1.3764000580074074e-4,1.381274164987176e-4,9.273980351479288e-7,5.705794027354947e-7,1.3537846766994397e-6
conPie-R-G3C-Tree/30,2.351876437549401e-4,2.3352221216739341e-4,2.4119348874766016e-4,1.0576860711434608e-5,3.955931117893743e-6,2.1283647485182372e-5
conPie-R-G3C-Tree/40,3.4433690774049176e-4,3.438718209097258e-4,3.4522099232605973e-4,2.4556302756000725e-6,1.6139159730885877e-6,3.7331918163390762e-6
conPie-R-G3C-Tree/50,4.7644395228338594e-4,4.756558344381206e-4,4.776202027210852e-4,3.6050638575044777e-6,2.632303611358294e-6,5.06100803679739e-6
conPie-R-G3C-Tree/60,6.214816157424644e-4,6.195098325563546e-4,6.248444835184661e-4,9.471721857499727e-6,6.065298302040552e-6,1.3772971065763376e-5
conPie-R-G3C-Tree/70,8.198750585000593e-4,8.096368321826295e-4,8.461152137310095e-4,5.8336501054797735e-5,3.048771256920879e-5,1.1548851258776163e-4
conPie-R-G3C-Tree/80,9.719939863711723e-4,9.658639745600623e-4,9.847427154118832e-4,3.1059323330514023e-5,2.0290474186669508e-5,5.327942837652814e-5
conPie-R-G3C-Tree/90,1.1782541777228862e-3,1.169852606091271e-3,1.2096034853523142e-3,5.8111098945320836e-5,1.7366326360815823e-5,1.2038914957327697e-4
conPie-R-G3C-Tree/100,1.3627138803903864e-3,1.360755055531495e-3,1.3659931115391575e-3,9.972498426467097e-6,6.244053787794367e-6,1.5373303889037103e-5
conPie-R-G3I-Tree/10,1.0477678797966843e-3,1.0457400854752216e-3,1.0506178644910814e-3,9.472537757225153e-6,7.615213874606348e-6,1.303450603952965e-5
conPie-R-G3I-Tree/20,7.499448136343793e-3,7.445802734029802e-3,7.545327255947757e-3,1.6413546485574362e-4,1.3623395302374576e-4,1.9550213289332095e-4
conPie-R-G3I-Tree/30,2.3156642716806224e-2,2.2702549508126706e-2,2.3537672480255106e-2,1.1571723749344493e-3,1.0100346041512416e-3,1.3363662794410587e-3
conPie-R-G3I-Tree/40,5.938020873716804e-2,5.870367878251252e-2,6.0802168527462154e-2,2.081963322935047e-3,1.0607734777003013e-3,3.6594874363629283e-3
conPie-R-G3I-Tree/50,0.11054489615593857,0.10907153898961747,0.11305889723565,3.571838104493419e-3,2.3732342883845806e-3,5.181680903091224e-3
conPie-R-G3I-Tree/60,0.18982139141974777,0.18612154406075185,0.1944611667663897,6.853184263191204e-3,4.501994724133486e-3,1.06980821451495e-2
conPie-R-G3I-Tree/70,0.3079620998519519,0.3008148496697612,0.3271830394494048,1.6373215990656734e-2,1.7830489593970555e-3,2.398706345988287e-2
conPie-R-G3I-Tree/80,0.4513531464705011,0.44390796124918985,0.4650322538303347,1.3278548938663936e-2,6.759421585403545e-3,1.8763993005797536e-2
conPie-R-G3I-Tree/90,0.6593080797690103,0.6513339989703673,0.667964528517914,1.0336240231840483e-2,7.736518855328025e-3,1.2048108634953947e-2
conPie-R-G3I-Tree/100,0.9258093973318561,0.9126789322508557,0.9421749543277352,1.7716255107304745e-2,5.371753414995795e-3,2.4120743636065978e-2
conBot-L-G3C-Zip/10,2.8523752813313483e-6,2.832331197756779e-6,2.8907154131659376e-6,1.0459234846668177e-7,7.08448619035225e-8,1.6417436475536966e-7
conBot-L-G3C-Zip/20,6.001858429018677e-6,5.980996884329846e-6,6.030690914335607e-6,9.889483979843894e-8,6.843074099435087e-8,1.4559601442037763e-7
conBot-L-G3C-Zip/30,9.801628934304477e-6,9.769815019822186e-6,9.8550550522455e-6,1.5361324813557648e-7,9.836040459415155e-8,2.403247188472892e-7
conBot-L-G3C-Zip/40,1.417561972556917e-5,1.4130923536962227e-5,1.425230793342656e-5,2.2759126578698763e-7,1.505500672955967e-7,3.5431963905307617e-7
conBot-L-G3C-Zip/50,1.9091326210366927e-5,1.9026183570208466e-5,1.9217866278834367e-5,3.248817934304397e-7,1.9461622632580622e-7,5.288590807826642e-7
conBot-L-G3C-Zip/60,2.4609379693075234e-5,2.451416917467657e-5,2.4768896167305943e-5,4.684384379194242e-7,2.812392278566374e-7,7.083954927100548e-7
conBot-L-G3C-Zip/70,3.0654170101759794e-5,3.0557661231135376e-5,3.081698698340364e-5,4.559959176856829e-7,3.002972851598166e-7,6.917368963328396e-7
conBot-L-G3C-Zip/80,3.733960401780077e-5,3.7213684232038315e-5,3.755733112024201e-5,6.606042345986707e-7,4.389467462639087e-7,1.0999270170094776e-6
conBot-L-G3C-Zip/90,4.447573791488e-5,4.432125818132035e-5,4.469855001400292e-5,7.269855186355629e-7,4.7083543486924136e-7,1.0870935204011746e-6
conBot-L-G3C-Zip/100,5.2230592988949935e-5,5.2061325389994776e-5,5.253776507988428e-5,8.271109332563108e-7,5.171308787355959e-7,1.3909536937002378e-6
conBot-L-G3I-Zip/10,2.5519530169213006e-5,2.5441625876783765e-5,2.565717063709571e-5,4.002047064351059e-7,2.7716438668426636e-7,6.274343230918203e-7
conBot-L-G3I-Zip/20,1.431599498014371e-4,1.4275271001641736e-4,1.439304940753322e-4,2.1108175135235863e-6,1.2130161275620892e-6,3.5690097091728163e-6
conBot-L-G3I-Zip/30,4.2782745171728715e-4,4.264576516017825e-4,4.298330846485816e-4,6.35622258597324e-6,4.647574007085456e-6,8.893731355045936e-6
conBot-L-G3I-Zip/40,9.635317407399418e-4,9.583716795267891e-4,9.703238504380563e-4,2.3093143827008582e-5,1.958609687700296e-5,2.8130112400701736e-5
conBot-L-G3I-Zip/50,1.8531868316998448e-3,1.8409119503833317e-3,1.868168924447916e-3,5.4952663602690775e-5,4.373084786049233e-5,7.857114811928061e-5
conBot-L-G3I-Zip/60,3.1150262438400605e-3,3.097382176386602e-3,3.137725617430019e-3,7.504005746518001e-5,5.765735932738231e-5,1.0606449859904349e-4
conBot-L-G3I-Zip/70,5.0654170228803495e-3,4.986600513781415e-3,5.295726322837182e-3,4.6350959391350255e-4,1.020956738308253e-4,8.703723596713971e-4
conBot-L-G3I-Zip/80,7.425065184803602e-3,7.390415453158419e-3,7.479994922249451e-3,1.4615468405950117e-4,1.0222567621740655e-4,2.587335887969181e-4
conBot-L-G3I-Zip/90,1.0455877950164916e-2,1.0420419201481302e-2,1.0495294432885728e-2,1.1911229395669515e-4,9.785074645114493e-5,1.6445272218993548e-4
conBot-L-G3I-Zip/100,1.4469786777150917e-2,1.4396274652135794e-2,1.4605410298958624e-2,2.748896319510237e-4,1.7424815999992187e-4,4.353213517760531e-4
conBot-L-G3C-Tree/10,5.401940209507264e-6,5.363514969191757e-6,5.478134292379362e-6,2.107573274417263e-7,1.1675361373075723e-7,3.9093294302694867e-7
conBot-L-G3C-Tree/20,1.1157037417873928e-5,1.1089234182739833e-5,1.1276021300936987e-5,3.4746314757719043e-7,2.3058710077155563e-7,5.958331156934603e-7
conBot-L-G3C-Tree/30,1.740555700082328e-5,1.727093461321163e-5,1.7537494237972165e-5,5.130474338026121e-7,4.318656447974613e-7,6.564903611667348e-7
conBot-L-G3C-Tree/40,2.4352914555126495e-5,2.4166257376767202e-5,2.46448805086833e-5,9.366670453920983e-7,6.259808184134448e-7,1.575661196896519e-6
conBot-L-G3C-Tree/50,3.131328708140794e-5,3.115826438401038e-5,3.153137160341453e-5,6.892070695884353e-7,5.469540763787892e-7,9.101194169133822e-7
conBot-L-G3C-Tree/60,3.8777145943879775e-5,3.869816806764722e-5,3.892242070817472e-5,4.2033373189471194e-7,2.7072085703445726e-7,6.521022359693102e-7
conBot-L-G3C-Tree/70,4.7114397420865155e-5,4.702650131335574e-5,4.731280003029327e-5,4.776603332289983e-7,2.3093913606126798e-7,8.770688622218037e-7
conBot-L-G3C-Tree/80,5.679969434005742e-5,5.652551021305227e-5,5.71138203174002e-5,1.161087826429255e-6,9.144620279556677e-7,1.4405880317011554e-6
conBot-L-G3C-Tree/90,6.602932968663627e-5,6.586472318757306e-5,6.676093030244888e-5,1.0738062965348263e-6,1.8313137935872586e-7,2.3752060778611353e-6
conBot-L-G3C-Tree/100,7.640374302030999e-5,7.620455779483254e-5,7.677684093797229e-5,9.624671468949097e-7,5.682322847085374e-7,1.574774169129015e-6
conBot-L-G3I-Tree/10,5.410326468458795e-5,5.3556749792289265e-5,5.6648985446973145e-5,3.634779323445516e-6,6.516646700655049e-7,8.248117727635953e-6
conBot-L-G3I-Tree/20,3.218182791799945e-4,3.2150972876148143e-4,3.224443136540407e-4,1.5946028861508911e-6,8.696405770374989e-7,2.919561397442028e-6
conBot-L-G3I-Tree/30,1.0073248383560454e-3,1.0040188613432944e-3,1.0118260910256202e-3,1.4993522541392424e-5,1.1441589672932485e-5,1.883920638868293e-5
conBot-L-G3I-Tree/40,2.3618142082768557e-3,2.3481425500646923e-3,2.3856101014016833e-3,6.315653020134746e-5,4.479231750895777e-5,1.0449836289192728e-4
conBot-L-G3I-Tree/50,4.543678079754483e-3,4.5232463550794015e-3,4.566479890021536e-3,7.872419108458191e-5,7.144394902700763e-5,9.198659561263298e-5
conBot-L-G3I-Tree/60,7.773739484975927e-3,7.751961315598056e-3,7.810895758299006e-3,9.623904155416615e-5,6.866976655092127e-5,1.4165481645409304e-4
conBot-L-G3I-Tree/70,1.2346919751969833e-2,1.2326134379123178e-2,1.2377476849421197e-2,7.754460179578386e-5,5.818743790550293e-5,1.0203226309732854e-4
conBot-L-G3I-Tree/80,1.8520738889820063e-2,1.8490070971406165e-2,1.8565046258361004e-2,1.014871113734121e-4,7.363522762689788e-5,1.4626211216722706e-4
conBot-L-G3I-Tree/90,2.6552223816315713e-2,2.6523228604975132e-2,2.6596070056487356e-2,9.594097660093931e-5,6.839463939987922e-5,1.3831243989998861e-4
conBot-L-G3I-Tree/100,3.679119104353729e-2,3.667985548822789e-2,3.702632120867686e-2,3.737657606237787e-4,2.408509717095824e-4,5.942607934235948e-4
conBot-R-G3C-Zip/10,5.552595519709783e-7,5.546135031353349e-7,5.56408762818888e-7,3.0369186161496363e-9,1.5214353073767283e-9,4.884463046170755e-9
conBot-R-G3C-Zip/20,7.651668169937398e-7,7.643313569196143e-7,7.672368109450765e-7,5.0114590001558144e-9,2.6007715691581974e-9,9.512856526601617e-9
conBot-R-G3C-Zip/30,9.731589890706187e-7,9.705561634695089e-7,9.776033760259384e-7,1.2861607131778206e-8,7.986735698701516e-9,1.8925333136132183e-8
conBot-R-G3C-Zip/40,1.1692744535527137e-6,1.1677473243267374e-6,1.1725670087076827e-6,8.24645439789576e-9,4.425997358757312e-9,1.5783800883328044e-8
conBot-R-G3C-Zip/50,1.3837362827984553e-6,1.382186612032149e-6,1.3872185587886684e-6,8.37787995810832e-9,4.104103113890997e-9,1.5821021979397826e-8
conBot-R-G3C-Zip/60,1.6000014827820848e-6,1.5938560335626382e-6,1.6140288167577623e-6,3.4162671823543146e-8,1.6903490007434583e-8,6.087499421935834e-8
conBot-R-G3C-Zip/70,1.8146294983272324e-6,1.7977786930409664e-6,1.862631854752005e-6,9.716553317444647e-8,5.2967630071299186e-8,1.8290585698881932e-7
conBot-R-G3C-Zip/80,2.0067377490382764e-6,2.0043549797323596e-6,2.0112965809651843e-6,1.2176090024095166e-8,7.570492029246505e-9,2.059563353234843e-8
conBot-R-G3C-Zip/90,2.2174215697129014e-6,2.212243461187797e-6,2.2268487639973796e-6,2.526788051954037e-8,1.5429753328839542e-8,3.637187206108909e-8
conBot-R-G3C-Zip/100,2.419759210317414e-6,2.4165935690151112e-6,2.4268431077197184e-6,1.6598257801137387e-8,1.0224389384587742e-8,2.981741037396839e-8
conBot-R-G3I-Zip/10,1.34350710425387e-6,1.3411457561971746e-6,1.347707964267122e-6,1.2250754529878556e-8,6.8042211051847625e-9,2.1645336094951114e-8
conBot-R-G3I-Zip/20,1.9825283975419885e-6,1.973583686978734e-6,1.993986984942313e-6,4.008741056438739e-8,3.062469240794332e-8,5.109449506639764e-8
conBot-R-G3I-Zip/30,2.5564416043031234e-6,2.5520243697823227e-6,2.5655906518467383e-6,2.3408673505902805e-8,1.4140004815021733e-8,3.967774498197869e-8
conBot-R-G3I-Zip/40,3.180798181930062e-6,3.1744805472478267e-6,3.190170541150256e-6,2.9369630754145533e-8,2.0121083130478764e-8,4.052464378214159e-8
conBot-R-G3I-Zip/50,3.819554542367686e-6,3.8073944007637647e-6,3.840589485463145e-6,6.314684524819001e-8,4.926396121117624e-8,9.03825912601165e-8
conBot-R-G3I-Zip/60,4.411238612374775e-6,4.404256359153712e-6,4.4233687469146725e-6,3.656641875899641e-8,2.4323729948463888e-8,5.509227284257015e-8
conBot-R-G3I-Zip/70,5.03639668539853e-6,5.026849210561841e-6,5.051581126682018e-6,4.417406358693025e-8,3.362998525075534e-8,6.361727363472475e-8
conBot-R-G3I-Zip/80,5.647586455846869e-6,5.637359641895722e-6,5.66709786254585e-6,5.250003838178995e-8,2.8280150563595474e-8,8.346213576630038e-8
conBot-R-G3I-Zip/90,6.258300686116022e-6,6.249170026462468e-6,6.273248564189181e-6,4.4343143152030004e-8,2.156076437912889e-8,6.856633213332764e-8
conBot-R-G3I-Zip/100,6.862671501637105e-6,6.855575744169577e-6,6.876687258675408e-6,3.8048499742352004e-8,2.4491082880544688e-8,6.344596775997273e-8
conBot-R-G3C-Tree/10,6.120065650089426e-6,6.012472317399585e-6,6.54854667700923e-6,7.685498935241651e-7,5.703352675774033e-8,1.6246197159790775e-6
conBot-R-G3C-Tree/20,1.383285717593666e-5,1.3809799106092557e-5,1.3883154191761422e-5,1.2652671670348678e-7,7.180070509075071e-8,1.931831177351375e-7
conBot-R-G3C-Tree/30,2.3808172842802245e-5,2.3760828905592517e-5,2.38883494324703e-5,2.3668734118373524e-7,1.5891995703598744e-7,3.2245138203475293e-7
conBot-R-G3C-Tree/40,3.5778268858760927e-5,3.5727356401842296e-5,3.586767929376198e-5,2.6080397272471235e-7,1.7698308909218812e-7,3.7122565854579896e-7
conBot-R-G3C-Tree/50,4.996717101632287e-5,4.9810074751743206e-5,5.020994847903952e-5,7.648573552394203e-7,4.767286870799241e-7,1.1078328620448307e-6
conBot-R-G3C-Tree/60,6.656488588644909e-5,6.631159097126981e-5,6.692089771831177e-5,1.1586425984336004e-6,8.571702479273291e-7,1.4571574477962359e-6
conBot-R-G3C-Tree/70,8.495962140637643e-5,8.466952340693716e-5,8.545123911271801e-5,1.372040773195639e-6,9.576732699100826e-7,1.949760886690073e-6
conBot-R-G3C-Tree/80,1.041143154106621e-4,1.039396583746062e-4,1.0448825936985241e-4,9.9238459578754e-7,5.601445398732694e-7,1.5347533673007607e-6
conBot-R-G3C-Tree/90,1.2659560747033967e-4,1.262921251143587e-4,1.2719722877365134e-4,1.6530023018547268e-6,8.726711662020869e-7,2.899012081969892e-6
conBot-R-G3C-Tree/100,1.5196305867223877e-4,1.512364304250256e-4,1.5302941975819722e-4,3.5172860370803595e-6,2.900687897556917e-6,4.2150349689965725e-6
conBot-R-G3I-Tree/10,6.519674289058973e-5,6.513452151354999e-5,6.532439170262471e-5,3.2998047501920485e-7,2.381689687073988e-7,4.4993258273504413e-7
conBot-R-G3I-Tree/20,3.955537715678526e-4,3.895162997463024e-4,4.1476890784649913e-4,3.7571239226391e-5,1.1681686967368267e-5,7.698147238692011e-5
conBot-R-G3I-Tree/30,1.1937342242338874e-3,1.1890149629412887e-3,1.1993555430565702e-3,2.0409773849327524e-5,1.7060869247156245e-5,2.4661882308752917e-5
conBot-R-G3I-Tree/40,2.7337111011142322e-3,2.7221953067878527e-3,2.7574326514931465e-3,6.267810308068172e-5,3.1906286189661605e-5,1.2227747680795887e-4
conBot-R-G3I-Tree/50,5.3850497880212345e-3,5.345435792464157e-3,5.430378464536639e-3,1.4841796487160376e-4,1.281053767126745e-4,1.7196768806835585e-4
conBot-R-G3I-Tree/60,8.795519165377727e-3,8.739303625901496e-3,8.883106944024824e-3,2.191532497148503e-4,1.5097348713650482e-4,3.043913789275498e-4
conBot-R-G3I-Tree/70,1.3258579034669732e-2,1.31414278562048e-2,1.3460441090962618e-2,4.759637578160184e-4,2.8387428099963186e-4,8.114440369199824e-4
conBot-R-G3I-Tree/80,2.0260438994491755e-2,2.0121935684051014e-2,2.044499657918708e-2,4.4808316921586707e-4,3.311437488025279e-4,7.177521803609432e-4
conBot-R-G3I-Tree/90,2.8474902731663768e-2,2.8169705700928516e-2,2.925586211621122e-2,1.2065887558572446e-3,5.360036242256164e-4,2.1686109776994206e-3
conBot-R-G3I-Tree/100,3.3705098153979526e-2,3.277842186165169e-2,3.560764107042744e-2,3.2202785083735638e-3,1.8653369855996403e-3,5.60459470122187e-3
boxesTop-G3K-Zip/10,6.581901786318407e-6,6.567634768625582e-6,6.6166856743822575e-6,8.014246922309208e-8,4.234349240418088e-8,1.3828873727538553e-7
boxesTop-G3K-Zip/20,1.7207883703997836e-5,1.7180976823535184e-5,1.725974006406495e-5,1.397171514601788e-7,9.865739152900282e-8,2.0519180137280543e-7
boxesTop-G3K-Zip/30,3.253058534172939e-5,3.233734289110335e-5,3.288458084754676e-5,9.672249675609171e-7,5.316420592875669e-7,1.4236608021968739e-6
boxesTop-G3K-Zip/40,5.194200852357428e-5,5.184224022787185e-5,5.2132165088335385e-5,5.17169283003176e-7,3.0761261839408706e-7,8.069231934881401e-7
boxesTop-G3K-Zip/50,7.608510925651348e-5,7.592503742304177e-5,7.644293710541766e-5,9.239114939556086e-7,3.4533313084218793e-7,1.8310028914409475e-6
boxesTop-G3K-Zip/60,1.0620790252240335e-4,1.0523231399659634e-4,1.1019831187906656e-4,6.380449646331245e-6,1.728023271574997e-6,1.4077130757002832e-5
boxesTop-G3K-Zip/70,1.379369670696002e-4,1.376331332479526e-4,1.3857481985141398e-4,1.5954768337215286e-6,1.113423389289845e-6,2.249965772919753e-6
boxesTop-G3K-Zip/80,1.7571721683640374e-4,1.7525304033947227e-4,1.768688997187011e-4,2.6832229953649696e-6,1.0353712603887562e-6,5.243874130321448e-6
boxesTop-G3K-Zip/90,2.172968402460087e-4,2.17046263839884e-4,2.1782082815291788e-4,1.3829716122520928e-6,8.664769082776041e-7,2.2448377922244578e-6
boxesTop-G3K-Zip/100,2.6457439516569564e-4,2.638925077102916e-4,2.658046775747475e-4,3.643075705270313e-6,2.3558793365892734e-6,5.018980912401084e-6
boxesTop-G3K-Tree/10,6.263011725308289e-6,5.600192314472807e-6,8.063669729525834e-6,4.486143604513647e-6,2.013849511426569e-7,8.619967652904172e-6
boxesTop-G3K-Tree/20,1.1967663952951222e-5,1.1946379195775073e-5,1.2005149369296442e-5,1.0991534095243907e-7,7.979762196891765e-8,1.4810737293815558e-7
boxesTop-G3K-Tree/30,1.9961895896220505e-5,1.991064320277992e-5,2.0066770627750338e-5,2.665757720326668e-7,1.5974300995050343e-7,4.243079558902916e-7
boxesTop-G3K-Tree/40,2.9391498808171295e-5,2.9333273514087256e-5,2.9499255340559192e-5,2.9632897989173877e-7,1.6471877121013082e-7,5.122897557563756e-7
boxesTop-G3K-Tree/50,4.0458397778770715e-5,4.039844448804553e-5,4.05752046489984e-5,3.1311262155926553e-7,1.788599628811414e-7,5.675569336318642e-7
boxesTop-G3K-Tree/60,5.3081564478126306e-5,5.3036063377635976e-5,5.317259310416732e-5,2.4984292904584804e-7,1.20247505425491e-7,4.069402008187617e-7
boxesTop-G3K-Tree/70,6.750873505711858e-5,6.741824999190654e-5,6.766837967003035e-5,4.4151532081016617e-7,2.8157995706390526e-7,8.218308988517045e-7
boxesTop-G3K-Tree/80,8.36989007440039e-5,8.346806973717386e-5,8.404965304496764e-5,1.0684401007233856e-6,7.967245390559042e-7,1.570973605512051e-6
boxesTop-G3K-Tree/90,1.0471006560538958e-4,1.0372304886544284e-4,1.0598557900851389e-4,4.333288281107933e-6,3.4786154086387573e-6,5.330505296038185e-6
boxesTop-G3K-Tree/100,1.2806516138218224e-4,1.2439591084637152e-4,1.3506125900447077e-4,1.8849609907782334e-5,1.1743326582879349e-5,2.789316286385082e-5
formForK-G3K-Zip/10,1.4370127964278829e-2,1.2925317672426547e-2,1.854611137535311e-2,6.54300027997677e-3,2.0690822073179058e-3,1.25644226514019e-2
formForK-G3K-Zip/20,58.18324488893843,53.85848777087267,65.21229132300141,6.717976055851072,1.1758868151286057,8.704387109269572
